Id,UserId,PageId,State,Deleted
a1b16505-1ee7-47a1-bf74-1261f6b72957,LPSM441COM,14,0,False
5fdabae8-4410-49ba-aaf8-b38ac9e0db07,LPSM441COM,27,0,False
295ee4c1-5054-4286-854f-1f7d8808bd60,LPSM441COM,26,0,False
5453e18b-3996-438a-ae91-3c97218a7842,LPSM441COM,24,0,False
e46b92b1-c7fe-43b4-ba78-b1041f6c7c97,LPSM441COM,23,0,False
d3e066cc-faed-4496-9f85-b01a9c5c59ba,LPSM441COM,21,0,False
c8a8aeb4-7920-4167-b95c-8eac9cccaa1d,LPSM441COM,20,0,False
30788db8-33b8-45aa-9309-ecaf7cd6e42b,LPSM441COM,19,0,False
a0e618e0-476f-4100-ac75-ca37d3331ad0,LPSM441COM,18,0,False
c65f5d2b-0c47-4ae6-b143-67f33ef75b62,LPSM441COM,17,0,False
7d65e4a7-1fe4-4156-b9e6-047487b6901e,LPSM441COM,16,0,False
25522604-7c02-4395-9c92-bbcb73a7d882,LPSM441COM,15,0,False
079c5848-2117-4f0c-b26c-6b572d3395e9,LPSM441COM,14,0,False
70a083d9-7195-4dcf-9167-2af3d40b27b1,LPSM441COM,13,0,False
4fe8ce9d-1c04-434a-9f3d-ba01c25cffbe,LPSM441COM,12,0,False
df8247f2-8680-4fdc-8fa2-4c7bb32aceae,LPSM441COM,11,0,False
6cd25a17-c1df-4ded-9ad2-1a7226de80e0,LPSM441COM,10,0,False
6b4e88bc-b047-47e5-a7f5-865571b014bc,LPSM441COM,8,0,False
ca4ef96d-bc25-4d0e-9c99-922a8bb56d0c,LPSM441COM,7,0,False
b5eba7f5-51a0-42b1-b8c1-f7a738a2aff3,LPSM441COM,5,0,False
52d501ea-63a6-431a-ab6b-ab0e522020d6,LPSM441COM,4,0,False
a0773416-e299-4026-8220-ef29f70b732a,LPSM441COM,3,0,False
523e9e9b-cb0a-4d30-a140-d4fd57eff55b,LPSM441COM,2,0,False
1x212efr-xfsd-dbg,LPSM489HOR,14,0,False
79c4df0a-e267-43f3-81a8-ccdb822a59e4,LPSM489HOR,27,0,False
2af922fb-4a58-4267-b006-1fbf5d1d9f27,LPSM489HOR,26,0,False
99ef44af-31bd-4e50-a1a5-bf1976929142,LPSM489HOR,24,0,False
e9350d4d-014e-4b86-bd9f-dd1f624c1c99,LPSM489HOR,23,0,False
4b053649-53ae-4e2b-a89f-7b2895891f26,LPSM489HOR,21,0,False
87d6b1fb-0d53-4f6c-9306-cdab231fee15,LPSM489HOR,20,0,False
1973cd0f-d651-4a70-ba46-441b1a87fe43,LPSM489HOR,19,0,False
8051317f-6354-4385-8519-755b617d06e6,LPSM489HOR,18,0,False
16c14211-91db-4c30-8547-c60f202f8140,LPSM489HOR,17,0,False
4fb58c90-c37c-416b-b312-aed57fa92aba,LPSM489HOR,16,0,False
0d603894-11c2-4fd8-adb4-814b99700b12,LPSM489HOR,15,0,False
cdd48ec3-2e0c-44ab-9132-370cb8ac2330,LPSM489HOR,14,0,False
54c1805b-166c-4734-9e9a-09be2306d07c,LPSM489HOR,13,0,False
e06036bb-784c-4f9a-a138-d95d5574d6f6,LPSM489HOR,12,0,False
f0077fae-0eda-4d21-aaa0-0072746074df,LPSM489HOR,11,0,False
118b2c30-3467-48bf-8777-498e9cc8b278,LPSM489HOR,10,0,False
23b6d04f-d0ed-45bf-9071-48d383a81124,LPSM489HOR,8,0,False
99dc3c95-a812-4857-9448-67efdb414abb,LPSM489HOR,7,0,False
9ba625c6-5e8c-4e9b-b0be-a1e97d8f05c2,LPSM489HOR,5,0,False
993de748-ab98-4f4e-ac6c-b59bb5e14934,LPSM489HOR,4,0,False
c93e6876-2302-42a0-a850-bbd99a26413a,LPSM489HOR,3,0,False
97cb5f88-cbb5-4bf5-a9a4-20cae9b4d032,LPSM489HOR,2,0,False
